Year,Canada,Mexico,US,Total North America,Argentina,Brazil,Chile,Colombia,Ecuador,Peru,Trinidad & Tobago,Venezuela,Central America,Other Caribbean,Other South America,Total S. & Cent. America,Austria,Belgium,Bulgaria,Croatia,Cyprus,Czech Republic,Denmark,Estonia,Finland,France,Germany,Greece,Hungary,Iceland,Ireland,Italy,Latvia,Lithuania,Luxembourg,Netherlands,North Macedonia,Norway,Poland,Portugal,Romania,Slovakia,Slovenia,Spain,Sweden,Switzerland,Turkey,Ukraine,United Kingdom,Other Europe,Total Europe,Azerbaijan,Belarus,Kazakhstan,Russian Federation,Turkmenistan,Uzbekistan,Other CIS,Total CIS,Iran,Iraq,Israel,Kuwait,Oman,Qatar,Saudi Arabia,United Arab Emirates,Other Middle East,Total Middle East,Algeria,Egypt,Morocco,South Africa,Eastern Africa,Middle Africa,Western Africa,Other Northern Africa,Other Southern Africa,Total Africa,Australia,Bangladesh,China,China Hong Kong SAR,India,Indonesia,Japan,Malaysia,New Zealand,Pakistan,Philippines,Singapore,South Korea,Sri Lanka,Taiwan,Thailand,Vietnam,Other Asia Pacific,Total Asia Pacific,Total World,OECD,Non-OECD,European Union
1985,459.0164002,96.20753203374971,2657.1500711257113,3212.3740033594613,45.303728,193.68223389625032,14.040000000000001,29.374664236296862,4.558,12.111,3.023,47.29,11.1554377,36.351585996329774,11.8238500652,408.71349989407696,43.742000000000004,57.322,41.632,10.50947093089004,1.319,58.121,29.143044444444445,17.827,49.394,344.4654209,522.534,27.740000000000002,26.794,3.8374099999999998,12.088000000000001,185.74,4.961,20.962,0.9390450000000001,62.975,5.39965997368421,103.292,137.714,18.900000000000002,71.818,22.506,12.805984558661622,126.5619468,137.14000000000001,56.33812333864965,34.218900000000005,272.0,298.089,93.76181234210527,2883.8757028252,20.702,33.175,81.263,962.0,10.987,47.939,57.652,1213.718,38.915,20.973,15.4314,15.417,2.888,3.964,51.654002630612986,12.185,22.090000000000003,183.51740263061296,12.274000000000001,30.2535,7.345,143.491,24.10058113509193,9.738999999999999,18.22202013033961,11.392736842105263,2.168,258.9858381075368,123.673,4.5280000000000005,410.69,19.249444444444446,186.3858336,16.369,671.953,14.944,28.4649788351637,28.825,22.766000000000002,9.876299999999999,62.667201000000006,2.465,55.556760512000004,23.02995,5.069,38.36584047768241,1724.8783088692908,9886.062755686182,6564.139137914019,3321.9236177721623,2023.1204571444443
1986,468.5840330000001,99.58989530867692,2676.11315475525,3244.2870830639267,49.022193,202.12889948686222,14.82,31.652930080685092,5.0120000000000005,12.948,3.291,50.112,11.5762383,38.50389585269215,20.83437025,439.9015269702395,43.977000000000004,58.676,41.82,10.50947093089004,1.423,60.606,30.783088888888887,17.951,48.948,362.99550150000005,523.557,28.237000000000002,28.044,4.057842,12.652000000000001,192.33,5.184,22.416,1.020386,67.17,5.39965997368421,97.284,140.294,20.355,75.47800000000001,24.168,12.805984558661622,128.5366308,138.651,57.410493354598614,39.6948,272.7,301.071,99.07997670526315,2946.570719248751,21.542,36.282000000000004,85.09400000000001,1001.4,12.396,52.171,56.956,1265.841,42.186,22.287,16.034200000000002,16.935,3.617,4.3180000000000005,55.684684547758216,12.815,23.459000000000003,197.33588454775824,12.981,32.461,7.764,148.241,24.67526938449241,10.05,20.251501981085976,11.405894736842106,2.2800000000000002,270.10966610242053,129.52700000000002,4.8,449.53000000000003,21.418888888888887,202.67720139999994,18.415,676.363,16.131,29.3450734786848,32.348,20.974,10.5765,69.68059699999999,2.6517,62.33384877300001,24.669810000000002,5.527,39.77642102020201,1816.7450405607754,10180.790920493875,6670.728626166783,3510.0622943270882,2076.125607188889
1987,496.3976998,106.1654010730962,2772.20526585762,3374.768366730716,52.11527899999999,203.33147189248922,15.637,33.680269194149396,5.384,14.006,3.481,54.132,12.647057600000002,40.67453335578917,26.975184000000002,462.0637950424278,49.688,63.367000000000004,43.473,10.50947093089004,1.5010000000000001,62.196,29.48931111111111,17.900000000000002,53.016,378.4863311,532.442,30.272000000000002,29.749000000000002,4.152033,13.064,201.372,5.937,22.755,1.036332,68.44800000000001,5.39965997368421,104.283,145.833,20.135,74.07900000000001,23.629,12.805984558661622,132.6654516,146.571,59.733854864433816,44.352900000000005,281.5,302.112,101.3340884368421,3044.572302112387,22.909,37.453,88.49,1047.3,13.267,54.755,57.663000000000004,1321.837,45.062,22.51,17.677,18.092,3.884,4.386,65.00028621595652,13.658,24.274,214.54328621595647,12.722,35.6545,8.001,152.373,24.880256060991204,10.088000000000003,21.43876919921858,12.5,2.6020000000000003,280.2595252602098,135.815,5.587,497.267,23.75361111111111,223.66949020000004,20.72,719.085,17.421,29.752597430683952,36.347,22.642,11.813799999999999,80.251348,2.7072,69.179058901,28.573610000000002,6.051,41.94162556349331,1972.5773412062883,10670.621616567978,6952.484795031093,3718.1368215368934,2148.053425811111
1988,506.0157646,112.23082348115835,2914.4458146794173,3532.692402760576,52.49951999999999,214.95284833692006,16.915,35.473253763155576,5.641,13.552,3.485,58.245000000000005,12.986929799999999,41.52372021188436,29.14025791,484.4145300219602,48.149,65.349,45.021,10.50947093089004,1.647,64.334,28.0695,17.627,53.491,392.0872209,549.492,33.394,29.233,4.415945,13.228,203.561,5.11,26.0,1.333588,69.654,5.39965997368421,110.019,144.34,22.489,75.322,23.039,12.805984558661622,138.75904740000001,146.23,60.53575491759702,48.04880000000001,297.2,308.825,103.93325279999999,3129.937109017598,23.572,38.15,88.417,1065.5,12.891,50.59,65.177,1344.2969999999998,46.97,23.45,19.3525,19.599,4.408,4.614,70.09106991465457,14.84,25.611,228.93556991465454,13.966000000000001,38.7125,8.984,158.141,27.227615658273383,10.238,22.19245164236362,13.330052631578948,2.5040000000000004,295.2956199322159,143.374,6.541,545.21,25.5075,241.3046202,24.807000000000002,753.7280000000001,19.352,31.086195569350398,40.671,24.539,13.0175,93.10884700000001,2.7984,76.26122125899998,32.41324,6.785,44.55116805137209,2125.0556920797226,11140.627923726717,7235.737055310678,3904.8908684160465,2197.9793563000003
1989,498.09258654970483,120.04716093525404,3155.4496791380698,3773.589426623029,50.862812999999996,221.7390205087493,17.811,37.02080622964625,5.769,13.727,3.428,57.620000000000005,13.886020900000002,42.01642065233941,33.3681057346,497.2481870253349,49.155,67.547,44.331,10.50947093089004,1.831,65.131,22.93352222222222,17.611,53.359,404.8500230000001,559.873,34.456,29.596,4.475226,13.833,210.75,5.801,29.158,1.3803150000000002,73.081,5.39965997368421,119.197,145.464,25.808,75.851,24.07,12.805984558661622,147.05451660606062,143.091,54.610771398192455,52.0432,295.3,314.585,104.5295224263158,3190.7560966527917,23.3,38.489000000000004,89.657,1076.5,14.508000000000001,55.874,59.31100000000001,1357.639,51.431000000000004,23.86,20.4533,21.085,4.707,4.646,75.72979095749017,15.612,25.537,243.06109095749017,15.324,40.6145,9.024000000000001,163.359,26.428566974260594,11.942,23.77865747219019,13.591105263157894,2.586,306.6478297096087,151.433,7.115,584.8100000000001,27.363333333333333,272.44643060000004,28.487000000000002,799.769,21.515,31.358,42.806,25.573,14.0389,103.623614,2.8579000000000003,84.05780868000001,37.35338,7.784,46.6207300574327,2289.0120966707677,11657.95372763902,7607.381721079149,4050.57200655987,2247.1223768282825
1990,480.5932424242396,117.59154298884492,3232.779648759239,3830.9644341723233,51.004894,222.82011523002677,18.398,38.24570622244135,6.3488547,13.808,3.577,59.321,14.493572863157896,43.45314542586383,37.1111492137,508.5814376551898,49.296,70.923,42.141,8.8732,1.974,62.559000000000005,25.97718888888889,17.181,54.377455000000005,420.75100000000003,549.9,35.003,28.436,4.447226,14.500609640000002,216.6,6.648000000000001,28.405,1.377,71.892,5.758,121.848,136.311,28.5,64.309,26.132,12.399000000000001,151.92000000000002,146.508,56.01542743221691,57.543,298.835,319.73900000000003,74.52947626315789,3211.608583224264,23.152,39.526,87.379,1082.2,14.61,56.325,60.461000000000006,1363.653,57.655,28.373178,20.8976,18.477,4.501,4.8420000000000005,79.88045573923428,17.081,26.461,258.1682337392343,16.104,41.9525,9.628,167.226,29.951393520063945,10.888100000381469,24.345024397950723,16.06421052631579,2.617,318.77622844471193,155.6535,7.732,621.2,28.96,287.7628267666394,33.11472,881.5,23.016000000000002,32.61435176830056,45.985,26.327,15.617600000000001,118.460795,3.1498000000000004,90.193532567,44.11251,8.681000000000001,45.12667608863634,2469.2073121905764,11960.959229426308,7815.3912941241715,4145.56793530213,2273.9934535288894
1991,506.9948584795292,128.57117140482066,3270.7244021134193,3906.2904319977692,53.85426999999999,234.3762971755566,19.963,40.12350790892981,6.974455799999999,14.482000000000001,3.72,63.337,15.272236705263158,42.28179928267104,39.717519601199996,534.1020864736205,51.27025333652143,71.936,40.862,8.6051,2.077,60.528,36.540499999999994,14.627,57.98552,455.555,540.2220000000001,35.815,29.963,4.425218,15.135723940000002,221.816,5.644,29.363,1.415,74.282,5.7700000000000005,111.009,134.714,29.871000000000002,56.803000000000004,24.747,12.744,155.797,147.38400000000001,58.061845826687936,60.246300000000005,278.683,322.875,72.57677052631578,3229.349231629526,23.4495,38.735,85.99,1068.1633000000002,14.9535,54.165,57.86900000000001,1343.3253000000002,62.814,13.359352999999999,21.5141,10.78,4.625,4.6690000000000005,84.99571265049852,17.222,28.336000000000002,248.31516565049853,17.345,43.276,9.205,168.316,31.357875813349324,10.6145,25.416210919005174,16.57421052631579,2.7430000000000003,324.8477972586703,157.9635,8.27,677.5500000000001,31.88888888888889,320.45763072132127,38.10263,911.303,26.552,33.63915426556432,50.22,25.649,16.5966,131.616144,3.3771,99.17755443800002,50.12039,9.21,44.13063307389898,2635.824225387674,12222.05423839775,7990.249199275472,4231.805039122285,2317.1210972765216
1992,518.6268124406096,132.2756645276993,3284.3899346073094,3935.2924115756186,56.10709699999999,241.76195193832473,22.35,36.613098717322494,7.1960273,13.122,3.976,67.44,17.281169315789477,45.12451292959533,39.7360260016,550.707883202632,50.984824983628776,72.22500000000001,35.61,8.9021,2.43,59.293,30.73337777777778,11.829,57.724593999999996,463.639,538.1657000000001,37.411,31.685000000000002,4.53892,15.99887928,226.254,3.834,18.707,1.198,77.231,6.065,117.506,132.75,30.087,54.195,23.627,12.344,158.718,146.445,59.5179197235513,67.3422,252.524,321.043,59.70994252631578,3190.268458291273,19.7626,37.595,83.166,1008.45,13.1828,50.911,52.571,1265.6383999999998,67.178,21.912236,24.6862,16.885,5.113,5.183,93.47317729536415,18.689,32.842999999999996,285.9626132953641,18.286,44.987,9.719,168.09,28.714313615507592,11.4015,26.62832784421584,17.33221052631579,2.713,327.87135198603926,161.4005,8.894,753.94,35.07555555555555,337.1533206918919,40.28435,916.787,31.38110800644695,33.210973678589156,53.575,25.87,17.5431,146.43928400000001,3.5397,105.529785716,57.028150000000004,9.705,42.849425797777776,2780.2062534462616,12335.947371797189,8052.52388373649,4283.423488060705,2303.5114760414062
1993,530.2321611381105,134.64251942191686,3404.677872924596,4069.5525534846233,61.86877899999998,252.00312157802523,24.013,41.69108606370082,7.4113050000000005,14.808,3.817,69.382,18.22916737368421,45.42168169066575,43.3941831489,582.0393238549763,52.44125062784313,70.834,37.997,9.563799999999999,2.59,58.881,33.96900277777778,9.118,61.078672,472.707,527.118,38.396,32.915,4.721272,16.38194822,222.802,3.924,14.105,1.067,76.992,5.18,120.095,133.867,31.205000000000002,55.476,24.442,11.946,156.798,145.812,61.55561297182351,73.8075,229.906,323.10200000000003,53.8096102631579,3174.6036688606027,19.051000000000002,33.369,77.889,956.587,12.6368,49.149,47.096000000000004,1195.7777999999998,74.686,27.089582,25.9997,20.178,5.833,5.5600000000000005,102.66853564598502,21.73,36.1,319.8448176459851,19.414,46.737,9.91,174.70600000000002,30.262956102485777,10.752999999999998,26.530572371170646,18.05021052631579,2.7100000000000004,339.0737389999722,165.3825,9.206,811.59,35.9475,362.1762511495495,39.70743,926.1030000000001,34.87734916912133,34.61563138758013,57.012,26.579,18.962400000000002,161.900951,3.9787,115.206044446,63.33733,10.662,41.34308562474747,2918.5871727769986,12599.47907562316,8234.251680533349,4365.227395089806,2303.9266736256213
1994,553.0548439663934,146.1275620273452,3458.526080733886,4157.708486727624,65.622035,260.0406103672302,25.276,45.024283810342446,8.1439969,15.866,4.069,71.221,18.771906157894737,48.634194207523045,48.5475581644,611.2165846073908,53.27408208799931,72.179,38.133,8.7729,2.685,58.705,40.19660555555556,9.152000000000001,65.630751,476.868,528.4692,40.624,33.515,4.772761000000001,17.088075299999996,231.81300000000002,4.44,9.998,1.147,79.677,5.939,113.21300000000001,135.347,31.381,55.136,25.712,12.895,161.848,143.038,66.13423976608188,78.32169999999999,202.922,326.558,56.82916689473686,3192.4144816043727,17.571,31.397000000000002,66.777,875.914,10.52,47.800000000000004,45.21,1095.1889999999999,81.004,26.663286,28.3157,22.802,6.198,5.8500000000000005,106.04595385502262,23.736,39.084,339.6989398550227,19.883,48.550000000000004,11.47,181.69,30.694924620193895,10.308000000000002,27.535774917886336,18.821210526315788,2.3810000000000002,351.3339100643961,170.1425,9.784,927.8000000000001,26.74083333333333,387.9669838852853,45.92842,984.493,39.75420469738232,35.19550839067087,57.923,30.459,20.675400000000003,183.365532,4.38672,124.63488332,71.10243,12.288,43.38140126671718,3176.0218168933893,12923.583219752207,8456.430425638275,4467.152794113921,2339.2656139435553
1995,557.8686930865186,150.35629869436306,3567.331196667886,4275.556188448768,67.16925399999998,275.6014426953099,28.027,47.483470608604755,8.428596800000001,16.8801,4.307,73.446,19.818553889473687,51.195155010858315,54.04128850000001,646.3978615042467,56.4256937,74.408,41.789,9.2758,2.497,60.847,36.663050000000005,8.693,64.034837,494.274,536.8209999999999,41.552,34.018,4.975857,17.84221102,241.489,3.979,13.84,1.23,81.063,6.132000000000001,123.011,139.006,33.264,59.266,26.774,12.913,167.085,148.35,62.86267091972355,86.2474,194.018,337.42400000000004,56.804152007517885,3278.8746716472415,17.044,24.918,66.739,860.027,9.905,47.453,42.239000000000004,1068.325,84.35300000000001,26.497928,30.437,23.724,6.5,6.013,109.92802536517088,24.982,41.943,354.37795336517087,19.715,50.652,12.092,186.655,31.684376918229532,11.440000000000001,28.665120605566283,19.170315789473687,2.637,362.7108133132694,175.2245,10.806000000000001,1007.0300000000001,27.915555555555557,427.14877394605514,54.12053,1010.88,46.574500092258106,36.409750512684035,63.75,33.554,22.0574,203.546465,4.80042,133.116723674,79.73721,14.648,44.321842409161604,3395.641671189715,13381.884159468407,8721.53809420978,4660.34606525863,2409.0315917199996
1996,571.6216013110633,156.59093131168345,3663.3862391670423,4391.598771789789,69.75981999999998,291.2455399137768,30.791,48.3711213733397,9.6792006,17.279799999999998,4.541,75.58800000000001,20.10994615243527,54.03362264001128,57.386189896000005,678.7852405755631,55.13042169999999,76.099,42.716,11.1727,2.609,64.257,53.577580555555556,9.103,69.37298200000001,513.398,552.669,42.567,35.09,5.111637,19.1584479,244.433,3.126,16.789,1.256,85.23400000000001,6.641,104.712,143.173,34.52,61.35,25.76,12.737,174.453,140.633,57.32834821903243,94.8617,182.986,350.867,61.45958438345682,3354.351401758044,17.085,23.728,58.747,847.183,10.13,45.419000000000004,44.293000000000006,1046.585,89.74,25.981338,32.5694,25.475,6.8020000000000005,6.615,112.16712229183555,26.572,46.099,372.02086029183556,20.654,53.57,12.538,200.092,31.419179926867926,11.616000000000001,30.09524124974043,20.099315789473685,2.075,382.1587369660821,180.127,11.474,1081.31,28.44,443.20541305470925,58.86775999999999,1029.857,53.40937387428445,36.80440982480865,67.565,36.707,23.9094,225.845719,4.52796,141.962472645,86.99163,16.944,43.74347743864645,3571.691615837449,13797.191627218766,8966.309383429527,4830.882243789237,2492.0421321555555
1997,572.3414404863013,166.7484449661148,3716.377329438841,4455.467214891257,72.46246999999998,307.9807828425842,33.292,49.906342280514785,10.3617494,17.953400000000002,4.988,78.066,21.096612387157894,57.314801590255776,64.24755651325749,717.6697150137703,57.2738494812,78.833,42.803000000000004,10.2484,2.728,64.598,44.31163611111111,9.218,69.176208,504.77000000000004,552.324,43.506,35.397,5.5795259999999995,19.95659154,251.473,4.506,14.861,1.26,86.659,6.7330000000000005,111.42,142.79,34.207,57.148,25.347,13.178,190.39600000000002,149.407,62.90208612440192,103.2958,178.002,350.66700000000003,64.47032816127894,3389.445425417993,16.836000000000002,26.057000000000002,52.0,834.131,9.498,46.054,40.763,1025.339,96.983,26.692943,35.111000000000004,26.724,7.3180000000000005,6.91,119.10447093268016,28.464000000000002,49.828,397.1354139326802,21.497,56.784,13.593,210.362,33.435110502968556,11.059,31.120616666518004,21.189315789473685,1.859,400.89904295896025,188.9795,11.858,1135.55,28.943055555555556,469.15354767272726,70.69102000000001,1054.864,59.93525469460346,37.44344755272408,62.481,39.797000000000004,26.709400000000002,246.58747100000002,5.14394,150.48642171600002,92.66128,19.132,42.27748404625251,3742.693822237863,14128.649634452517,9134.55918973421,4994.090444718314,2508.0616851323107
1998,561.9913125520447,181.0591201448529,3855.8083949515126,4598.858827648411,74.169556,321.74863834462184,35.495,50.283142879771205,10.8903525,18.5825,5.1690000000000005,80.904,23.22481703499421,61.489677345227605,66.95295093863018,748.909635043245,57.6750549658,83.183,41.711,11.461500000000001,2.991,65.112452,41.110688888888895,8.521,70.167292,511.276,557.2170000000001,46.329,37.19,6.274405,21.154807180000002,259.8,5.797,17.63,1.295517,92.00627300000001,7.048,117.002,142.78900000000002,38.984,53.496,26.032,13.705,195.209,159.00300000000001,63.28794045720362,111.02239999999999,172.822,362.701,65.62417669025791,3466.6285071821508,17.995,23.492,49.800000000000004,827.158,9.416,45.9,39.518,1013.2790000000001,102.385,26.743561000000003,37.976400000000005,29.984,8.2,8.166,126.16767866628155,33.392,54.541,427.55563966628154,23.262,60.697,12.968,205.374,38.800120100203564,10.943000000000001,29.116808488276874,22.699315789473687,2.5985000000000005,406.4587443779541,199.471,12.882,1167.0,31.414444444444445,505.0784301838384,76.69270999999999,1059.663,64.14126656810983,37.775845123441584,66.396,41.578,28.3748,237.19740600000003,5.67539,163.22791053,89.53300999999999,21.688,41.5399941680303,3849.329207017866,14511.019560935903,9373.980971718827,5137.038589217082,2562.567585034689
1999,577.7736449502214,189.9785806379923,3936.0977119651766,4703.84993755339,80.74473499999999,334.7262336887574,38.384,47.77472075020728,10.308119274180001,19.049599999999998,5.247,80.58500000000001,24.746843798775267,65.07003266457309,65.84131708840677,772.4776022648999,60.94104599999999,84.514,38.248,12.9794,3.1390000000000002,64.694232,38.91459444444445,8.265,69.457417,525.806,556.3010000000002,49.632,37.832,7.183988,22.0139618,265.66700000000003,4.11,13.535,1.022008,87.617304,6.863,122.834,142.12800000000001,43.287,50.71,28.407,13.261000000000001,208.451,155.159,68.61731525784158,116.4399,172.12,368.151,61.9467273290579,3510.247893831344,18.176000000000002,26.516000000000002,47.300000000000004,846.225,8.86,45.372,41.694,1034.143,110.08800000000001,24.720878000000003,39.2275,31.576,8.413,8.939,130.9993761190688,37.126,56.723,447.8127541190688,24.757,65.7305,12.895,203.012,41.01749450162739,11.517,31.996207063869853,24.48821052631579,3.1789,418.5923120918131,206.89950000000002,14.450000000000001,1239.3000000000002,29.495833333333334,547.3624648348896,83.97097,1079.142,68.16969828044239,37.95988408728178,65.302,41.432,29.52,262.152146,6.28075,169.064555102,90.21529,23.559,44.4828837200303,4038.758975357978,14925.882475218497,9585.811198305833,5340.071276912657,2587.945963244445
2000,603.8161068624004,203.6280610037465,4052.2531064302543,4859.697274296401,88.977961,348.9209387830659,41.268,46.7801803974841,10.612439117316,19.922700000000003,5.459531,85.211,26.617687855178954,67.48168441891424,67.51165528820995,808.7637778601688,61.23481045045,84.012,40.924,11.2812,3.37,73.46491800000001,36.04884166666667,8.51,69.976,539.9540000000001,576.4499999999998,53.843,35.191,7.677885000000001,23.98231604,276.641635,4.136,11.425,1.166291,90.18057700000001,6.811,143.173,145.184,43.764,51.934000000000005,31.158,13.624,224.472,145.584,67.32943859649124,124.92160000000001,171.445,377.0679380328614,63.37613313833545,3619.3135839248052,18.7,26.101,51.6350914,877.764,9.943,46.864000000000004,40.69200000000001,1071.6990914,119.348,27.19228,42.9575,32.323,9.111,9.134,138.68348321319314,39.944,59.571,478.2642632131931,25.412,73.319,12.863,210.67000000000002,43.660482702013645,12.6801,32.023284990905765,26.17621052631579,3.3883,440.1923782192352,216.829,15.771,1355.6,31.328611111111112,571.3939361358995,93.32639999999999,1099.671,69.90527357750237,39.38794135115069,63.735,45.29,31.665,290.44294800000006,6.9697,184.84080311800003,95.52127,26.561,47.71366927315151,4285.952552566816,15563.882921480617,9914.105689517106,5649.7772319635105,2659.4285891571167
2001,587.7546027679467,210.21214204530455,3984.4678897010317,4782.434634514283,90.13777079069767,328.55146572964077,43.924,48.20800287295764,11.049801148575,20.785700000000002,5.644039,90.117,28.499179713299995,68.23449086732704,61.33398965881905,796.4854397813173,62.49449725033018,79.821,43.968,12.8085,3.551,74.647397,37.72620833333334,8.481,74.486,549.5310000000001,586.4810000000001,53.704,36.415,8.027066,24.96049208,279.00865600000003,4.28,14.737,1.621117,94.07242600000001,6.362,121.98400000000001,145.616,46.509,53.866,32.046,14.466000000000001,236.043,161.615,72.24508931419459,122.72470000000001,172.972,384.7786719908172,63.10890957097422,3685.157730539651,18.969,25.063,55.3840027,891.284,10.614,47.961,39.8,1089.0750027,127.60300000000001,31.724815,43.8382,34.299,9.737,9.951,146.09321173726448,43.172000000000004,62.6375,509.0557267372645,26.625,80.7125,15.046000000000001,210.1,48.754252628007,13.050447973632812,34.02772794602966,27.58721052631579,3.2193000000000005,459.1224390739852,224.255,17.392,1480.802,32.42916666666667,586.0927384360359,101.6586,1083.142,75.77568516200746,39.705110217423965,70.6485,47.049,33.061,309.885952,6.8008999999999995,188.530476504,100.98719,30.608,49.44177583603031,4478.265094822164,15799.596068168668,9910.847026879643,5888.7490412890265,2734.898293663665
2002,599.7919546433794,215.7222714883992,4111.775538198574,4927.289764330353,84.59000837209301,345.7226247238453,45.491,50.28266393982947,11.887558245805,21.9823,5.644369,89.39489999999999,30.117098015936843,71.35910914300814,64.93362434691196,821.4052557874301,62.531577309133304,82.069,42.679,12.7724,3.785,76.347477,39.28264444444444,8.524000000000001,74.955,559.064,586.6850000000002,54.608000000000004,36.157000000000004,8.409572,25.199535100000002,285.276011,3.975,17.721,3.698743,95.08289200000002,6.091,130.748,144.126,46.107,54.738,32.427,14.6,244.963,146.732,66.93602870813397,129.3995,173.734,387.24631465201475,62.57772230658658,3719.2484175203126,18.701,26.456,58.3305501,891.2860000000001,10.707,49.31,38.478,1093.2685501,138.225,35.41740600000001,45.4279,36.362,10.331,10.94,154.90595933869218,46.856,68.0023,546.4675653386921,27.648,86.236,15.228,220.57500000000002,51.34765826830278,13.308905014648438,40.36393466350675,29.461473684210524,3.4255999999999998,487.5945716306684,223.49519999999998,18.6651,1654.0000000000002,34.31166666666667,609.650478588807,108.2168,1103.0810000000001,80.88,40.731008879341076,74.431,48.467436,34.6646,332.020947,7.10429,198.828904786,108.44169000000001,35.796,49.67941952860607,4762.465541449422,16357.739666156878,10138.19969426445,6219.539971892424,2756.1582798535783
2003,588.2696299697212,224.90308351325578,4137.978841606171,4951.151555089148,92.0594430232558,364.384638,48.787,52.11305277213689,11.546131783838998,22.9234,6.437902,90.0603,32.147562505500005,73.28487417726213,67.523214661486,861.2675189234797,60.13277483997502,84.63,42.6,13.2521,4.0520000000000005,83.226141,46.17945833333333,10.158,84.32600000000001,566.838,608.8030942701685,58.471000000000004,34.145,8.49341934,25.239542299999997,293.884765,3.975,19.488,3.621422,98.140305,6.738,107.32900000000001,151.631,46.852000000000004,55.14,31.178,13.821,260.72700000000003,135.435,67.18492078681552,140.5805,180.36,398.20912310146946,65.96867502126346,3810.8102409930248,21.286,26.627,63.8663626,916.2860000000001,10.92,48.7139,41.998000000000005,1129.6972626000002,151.645,26.605591,47.0476,39.802,10.714,12.012,166.58758916524172,49.45,70.2954,574.1591801652417,29.528000000000002,92.1865,16.52,234.229,51.30434938071449,14.045087045898436,37.63224132654696,30.32279168421053,3.2862,509.05416943737026,225.9524,19.7129,1910.575,35.50611111111111,638.1310101807262,112.9754,1092.595,83.3,40.85524472867674,76.986,52.940537000000006,35.2815,347.756209,8.12485,209.07242394000002,115.93462,40.925000000000004,52.35743567436362,5098.981641634879,16935.121568843122,10256.558785496225,6678.562783346918,2838.182602743477
2004,598.509646967121,235.39655602165058,4231.682747347144,5065.588950335916,100.26082099999996,387.4924157120141,49.743068636000004,53.83857431898831,12.584844248350999,24.267,6.430579,96.8695,33.97399020744062,71.2215951794843,65.29520312584238,901.9775914281205,64.10708199999999,84.21030000000032,41.621,13.989700000000001,4.2010000000000005,84.333903,40.43985,10.302,85.845,574.054,617.5353013075438,59.345781,33.708,8.620090124,25.59760674,303.347006,4.689,19.274,4.132149999999999,102.144798,6.667,110.647,154.159,45.105000000000004,56.499,30.567,15.272,280.007,152.454,65.39224348750665,150.6983,182.165,393.9297583155788,70.54048532036836,3895.6003552949983,21.744,31.211000000000002,66.9423699,931.9,11.98,49.677600000000005,43.496,1156.9509699,162.755,30.696344,48.4711,41.256,11.499,13.233,173.40466164636763,52.417,74.3756,608.1077056463675,31.249000000000002,98.2523193222548,17.5715,244.60500000000002,55.1668843535431,15.817133994140626,42.700774856011726,32.308586684210525,3.1115000000000004,540.7826992101608,229.21705,24.684900000000003,2203.31,37.12861111111111,698.300975,120.15060000000001,1121.193,96.06,42.76838184267279,82.3055,55.95743,36.809599999999996,368.03355200000004,8.74352,218.396668814,124.13266,46.209,54.504917609707064,5567.906366377491,17736.914638193048,10506.839149411508,7230.075488781548,2909.1564780475446
2005,620.479798247672,247.97075103170997,4322.786632227311,5191.237181506694,105.750115,403.0827830439113,51.89866535384131,55.89710848302268,13.404022567387997,25.509700000000002,7.058743000000001,104.36079,35.82041905444445,73.87068960599603,66.65982189574815,943.3128580043517,66.83274237743935,85.67690000000032,44.365,13.1615,4.377,82.578571,36.24135,10.201,70.58200000000001,576.062,622.5168855077484,60.020138,35.756,8.681113926999998,25.983228139359994,303.6999,4.906,14.7843,4.129123,100.76871000000001,6.942,138.005,156.936,46.575,59.413000000000004,31.455000000000002,15.117,294.077,159.06,59.48184635832004,161.9562,186.055,398.361132705616,73.66825292564009,3958.4258939411247,22.872,30.961000000000002,67.9197296,954.1,12.819,47.6272,44.284200000000006,1180.5831296000001,177.077,28.343179,49.833400000000005,43.734,12.648,14.396,191.05495591246506,60.698,80.6906,658.475134912465,33.915,104.94731541218638,19.723200000000002,244.922,58.28742731346644,16.5326560234375,43.167360453805344,35.42238168421052,3.5085,560.4258408871061,230.73954999999998,26.450400000000002,2500.2599999999998,38.44833333333334,704.5093181999999,127.5608,1153.0620000000001,98.75,42.98083624517688,88.76422141529586,56.56774,38.2127,389.479512,8.84822,227.512267056,130.42631,52.078,56.96829805695958,5971.618506306764,18464.078545158507,10743.831839048662,7720.246706109842,2927.5153480245476
2006,608.4283100313834,256.22496048275775,4330.9516407387755,5195.604911252916,113.423565,419.44914720930234,54.80155065701374,59.06591451969429,15.115849674445,27.3698,7.17109,110.64354,37.94995356444445,75.95379574755417,67.56736336756178,988.5115697400157,64.375271148,84.58720000000031,45.843,13.047,4.652,84.359019,45.602291666666666,9.729000000000001,82.312,574.869,639.5096487738614,60.789713000000006,35.859,9.924843022000001,27.504400279358762,314.121963,4.891,12.4819,4.333512,98.834621,7.006,121.538,161.742,49.041000000000004,62.696,31.418,15.115,299.454,143.3,63.86112174375332,176.2998,193.381,397.282323570934,74.96612745250467,4014.7267556570796,24.543,31.811,71.66846050000001,992.1000000000001,13.65,49.374,43.491,1226.6374605000003,193.43,30.591112000000003,51.8112,47.607,13.585,15.325000000000001,196.3114419188385,62.438,86.76440000000001,697.8631539188384,35.227000000000004,111.66104985337243,20.451,253.798,60.35038250774206,18.839637,44.56044904772324,37.909439842105265,3.3525800000000006,586.1495382509429,237.99095000000003,29.538,2865.726,38.612500000000004,744.4262523150684,133.11020000000002,1164.348,103.994,43.53799378036397,96.7200128853283,56.78413,39.4804,402.988942,9.4979,235.53014227800003,136.76671,57.917,60.229693140000016,6457.19882639876,19166.69221571855,10831.982034859006,8334.71018085955,2972.728539867888
2007,634.1848104611481,263.249536043933,4431.837021165222,5329.271367670303,113.52504191999999,445.14892568056297,58.3059717331907,60.520302011991134,17.336655151753998,29.943,7.676285,113.69732,39.96680331444444,76.27682490004345,71.86421730687171,1034.2613470188585,64.75748856800027,88.10290000000033,43.297000000000004,12.7077,4.871,88.19909600000001,39.315469444444446,12.188,81.245,569.768,640.6438590124789,63.496842,39.96,11.975738967000002,28.738121968306388,313.887349,4.771,14.007,4.001358000000001,105.164161,6.498,137.16400000000002,159.348,47.253,61.673,28.056,15.043000000000001,305.052,148.742,67.7299303561935,191.55812940900003,196.251,396.82994977026857,71.52212912551663,4063.8172226212096,21.847,31.829,76.6209469,1018.7000000000002,14.88,49.0329,44.1278,1257.0376469000003,203.131,32.347414,55.1071,48.753,14.443,19.462,204.4337426951941,78.761,91.8922,748.3304566951941,37.31,119.86698044965787,20.313,263.479,64.06687653401563,18.89048690234375,43.45633002168496,40.06823484210526,3.2406800000000002,610.6915887498075,243.1848,31.0156,3281.5530000000003,38.94777777777777,796.2651750000002,142.44102,1180.109,108.539,43.89349657224825,99.3809963798631,59.611788000000004,41.1341,425.407289,9.90056,243.11660794300002,142.53754,64.147,64.14139275949057,7015.3261434323795,20058.735773087752,11071.84616492787,8986.889608159883,2986.5843449932304
2008,635.1004482231485,269.29974799321764,4390.106116983962,5294.506313200328,121.90524828000001,463.1715771906199,59.71478161000001,61.37364043252378,18.608525816211,32.4631,7.731534,119.31733,40.88347901888889,73.16429969396327,73.6847859295577,1072.0183019717645,66.72518634566,84.39960000000032,45.037,12.8905,5.079,83.645492,36.616147222222224,10.579,77.432,573.807112,640.8170507943927,63.74988,40.025,16.467751844000002,30.262417845389166,319.130538,5.274,14.01,3.557091,108.20277800000001,6.311,142.108,155.3054,45.969,64.956,28.962,16.398,313.758,149.65,68.74175225943647,198.42,192.586,388.9180979407209,77.57719795321638,4087.3679932050386,21.642,35.054,80.3477922,1040.0,15.0,50.1784,39.728100000000005,1281.9502922,210.48000000000002,35.305087,55.8315,51.749,16.048000000000002,21.616,204.20060900000001,80.46300000000001,97.97359999999999,773.666796,40.237,128.79240990550667,20.990600000000004,258.291,65.02222335052143,20.45930303515625,43.48796587058409,43.124029842105266,3.1337,623.5382320038736,245.37090000000003,34.2361,3495.7599999999998,37.99027777777778,828.4135525,149.43653999999998,1183.72,113.82300000000001,43.92571616664815,93.1883585365183,60.820985,41.670597,442.610958,10.00328,238.305389297,145.43735999999998,70.96000000000001,67.2488415590101,7302.921855836954,20435.969784417954,11079.458993550208,9356.510790867742,2998.550193207665
2009,613.8776750517055,267.75358299198064,4206.493360590433,5088.1246186341195,122.32601491554225,466.1581230211982,59.70077909,63.183012130050784,18.264615252905998,32.9447,7.842939,124.84439,41.61190378111111,72.6614071003401,73.5406011900197,1083.0784854811682,69.08750913780004,91.18330000000033,42.964,13.449661,5.215,82.185712,36.384475,8.777000000000001,72.069,535.925197,595.8024936764639,61.340348,35.908,16.835361662,28.35156571054795,292.639678,5.569,15.357600000000001,3.878379,113.502778,6.828,131.773,151.72,50.207,58.016,26.155,16.403,296.30188802842883,136.681,68.26479532163744,194.812934,173.619,376.75380240151355,80.37343111284423,3894.334909051236,18.869,30.405,78.72913190000001,993.1000000000001,16.0,50.0631,39.0694,1226.2356319,221.80700000000002,41.293343,55.3072,53.218,18.4453,24.158,217.306609,85.69800000000001,101.16790000000002,818.4013520000002,43.112,134.2672326490714,21.6553,249.55700000000002,68.72858646213152,21.493287878906248,42.60991562479299,45.71982484210526,2.964118,630.1072654570072,249.90195000000003,37.207485,3714.6510000000003,38.76777777777777,879.7072499999999,156.79722,1114.003,116.114,43.5462072341957,98.8277565747034,61.934432,41.80183050885524,452.44746100000003,9.98688,230.037178028,145.90669999999997,80.643,65.93634878555235,7538.217476909085,20278.499739432627,10649.395156137865,9629.104583294747,2847.2425845532407
2010,607.0118484563803,275.56740244267615,4394.250984818358,5276.830235717414,125.99205328189998,515.7986875907544,61.332643,64.66284077533707,19.509853832412002,35.908,8.485408,116.7162,42.97484785333334,73.88763705592763,75.23519888435486,1140.5033702740195,71.14679860536444,94.58150000000035,46.653,14.90256,5.322,85.903,38.86278888888889,12.962,80.674,569.288113,632.6624913698952,57.404917000000005,37.371,17.059093363000002,28.68856654600732,302.0622,6.627,5.748600000000001,4.591276,118.13888899999999,7.26,123.663,157.65800000000002,54.093,60.979,27.858,16.44,300.4309460528766,148.255,68.00486177565125,211.21013,188.828,382.0682499709226,87.20831155970228,4064.606293132309,18.709500000000002,34.89,82.6464953,1038.0327,16.7,51.935,41.069,1283.9826953000002,235.681,41.702884,58.486000000000004,57.083,19.8187,28.144000000000002,248.77351000000002,93.949,108.9611385,892.5992325,45.735,144.43171977842945,23.683400000000002,259.601,74.02158617263896,22.5487191015625,50.822130468938056,49.02461984210527,2.830902,672.6990773636738,250.96169999999995,40.839991000000005,4207.16,38.33266666666667,937.4680375000002,169.78624,1156.023,125.045,44.99372329406035,99.38471900684017,67.742759,45.36916456619006,495.0283630419549,10.80074,247.058871012,157.57502111200006,91.72200000000001,73.10084782722464,8258.392844026937,21589.613748314347,11071.355260734706,10518.25848757965,2981.418326463033
2011,638.2813280492533,292.14324190038127,4363.377155204782,5293.801725154417,129.48330815,531.7582282911961,65.22276124000001,66.15454613690152,20.544142533206,38.8065,8.772408,122.89773,44.37130103175423,74.26471902870713,78.93397100738478,1181.2096154191495,65.85511369180439,90.5879000000003,50.797000000000004,11.372169,4.929,87.477,35.22922777777778,12.892,73.501,565.6065401834202,612.9173988528877,59.43657100000001,36.019,17.210413408,27.47822434957498,302.5699,6.094,4.8216,3.7162930000000003,112.965935,6.759,127.652,163.548,52.465,62.216,28.656000000000002,16.059,291.7586963790894,151.163,64.82462679425838,229.39792153846153,194.9468,367.98182107032085,81.59332373482191,4020.4974757804184,20.2938,32.203,86.5855045,1054.8575,17.2,52.772,44.5952,1308.5070045,235.588,42.221572,59.276700000000005,57.489000000000004,21.870900000000002,30.731,259.15266,99.137,103.99228299999999,909.4591150000001,51.224000000000004,149.56286705767351,25.3556,262.538,78.63697641984758,23.0547939609375,52.74730246,42.59041484210526,2.892014,688.601968740564,256.30415,44.217375999999994,4713.019,39.07338888888889,1034.011325,183.41872999999998,1104.183,127.069,44.6272992834937,100.6214228828661,69.17564999999999,46.00433400754391,518.1678157583103,11.599870000000001,252.167026568,153.31550677399989,101.499,77.37996919668244,8875.853864359784,22277.930768954324,11025.453569507607,11252.477199446725,2932.310469234555
2012,636.5491305887398,296.3959538482279,4310.569202193057,5243.514286630025,136.03362497514996,552.498346209194,69.74142329000001,67.71409307427427,22.84795784014,41.036,9.132408,127.85427,46.11729898075003,76.09333664223037,82.32366438002944,1231.3924233917678,72.72160329222058,83.04440000000028,47.329,10.754956,4.7170000000000005,87.418,30.701933333333336,11.966000000000001,70.411,565.2242843824372,628.9241783524312,60.959086000000006,34.635,17.548908358000002,27.604832101848107,299.27590000000004,6.167,5.0424,3.816973,102.505526,6.2620000000000005,147.828,162.139,46.613,59.047000000000004,28.664,15.736,297.55692891361343,166.302,70.0224066985646,239.50105778714433,198.8777,363.87299689914937,79.34395845146952,4052.534029570212,22.9881,30.794,90.61389420000002,1069.2893,17.8,52.9641,45.959,1330.4083942,248.756,47.76809,62.96549999999999,61.119,25.017303000000002,34.788000000000004,281.62719,106.22200000000001,105.5123,973.775383,57.397,162.83109221244706,27.6585,257.919,81.76151200667569,23.792963207031246,55.345930271954686,52.43078739509733,3.4743129999999995,722.6110980932061,250.6716,48.659169000000006,4987.553,38.79666666666667,1091.8378825,200.34014,1106.8799405099999,134.077,44.24731786828622,99.46126082736107,72.922011,46.94423186765177,531.2018659366054,11.897620000000002,250.373423492,168.956182883,115.147,78.69543508428768,9278.661747635855,22832.897362521064,11033.312776462037,11799.58458605903,2931.5706623758842
2013,655.6810144223218,297.1178488488054,4330.2928875411,5283.0917508122275,139.441423,570.8346534990893,72.96767833000001,69.82108651902985,23.260330036922998,43.3302,9.505408,132.62415,47.545205807186534,76.73645715443757,84.19729100895496,1270.2638833556216,68.43795323353139,83.4977000000003,43.815,14.053265,4.29,86.913,34.74216666666666,13.274000000000001,71.257,575.3320790844523,637.6456742434082,57.152533000000005,30.294,18.116099021000004,26.146685585814524,289.8032,6.2090000000000005,4.7615,2.8891280000000004,100.875336,6.0940710000000005,134.074,164.55700000000002,51.671630797000006,58.888,28.832,16.103,285.25762508808515,153.155,70.40071717171718,240.1607346153846,194.3773,358.2837378255861,90.13936692656085,4021.4995032592074,23.354,31.495,92.61572009999999,1059.0855,18.900000000000002,54.9,43.3245,1323.6747201000003,258.85200000000003,62.108841999999996,61.358900000000006,60.9822,26.240023,34.668,294.72806,109.99542398325816,99.4791,1008.4125489832581,59.89,165.06383740632128,28.120700000000003,256.137,87.01662432646168,28.398345960937505,60.339814688,56.39152784210526,4.143899,745.5017492238259,249.5631,54.55384920600001,5431.635,39.10333333333334,1146.139132673821,216.18856,1087.75954653546,140.98501000000002,43.2526586273454,100.96816265222877,75.265842,47.97585269799015,537.169275961,12.029010000000001,252.34082438000002,168.63366132727987,124.45400000000001,87.457537679211,9815.47435707367,23467.918512807806,11025.060603568554,12442.857909239252,2912.104923698958
2014,652.9525467218878,303.3158327426527,4363.281415911234,5319.549795375775,138.55114649772347,590.542117779729,71.61637700000001,72.74761912122442,24.307213342674,45.549800000000005,9.895892,130.95536,48.850230160129,75.94204993480919,80.91115433014326,1289.8689601664323,65.64757548559074,72.54550000000025,47.49,13.552842,4.352,86.01335659419999,32.18255,12.43,68.09400000000001,564.8142054304018,625.6566902939272,50.47329,29.403000000000002,18.122205182000002,26.318704845515853,279.8285,5.141,4.3969,2.9649810000000003,103.417851,5.373693,141.97,159.058,52.80212783900001,63.2847,27.401,17.437,278.7501245269591,153.662,71.95194524189263,251.96277500000002,182.8154,338.09592394138895,80.15001123631046,3937.559852617186,24.727700000000002,34.737,94.64324290000002,1064.1965,20.1,55.4,44.131,1337.9354429000002,275.628,71.172908,61.3303,65.14330000000001,29.137095000000002,38.693,328.20245,116.54490253421261,97.13310000000001,1082.9850555342127,64.241,171.23427891821441,29.2785,254.76500000000001,93.18116649853069,31.324789328125004,64.02345838493004,57.03752784210526,4.973816000000001,770.0595369719052,247.64734399999998,57.580476672533095,5794.457,39.85005555555556,1262.2199682264786,228.55565,1062.7288196205511,147.461,43.988082290873834,106.28818938823976,77.260997,49.336870008086805,540.3787987172649,12.86748,259.963932742,173.764180391,141.25,90.56209156747872,10336.160936180062,24074.119579745573,10970.744673463818,13103.374906281751,2849.3627890155954
2015,661.0880212762602,310.349642470502,4349.8660356814335,5321.303699428196,145.4215558511899,581.2279551684527,74.53855406,75.02279787547572,25.950192130099996,48.27,10.300582,126.29997,51.66018227264086,77.80835132568657,82.72971774753529,1299.2298584310809,65.51279178344762,69.70840000000025,49.227000000000004,11.402376,4.534590000000001,83.89358922630007,28.934333333333335,10.417,68.599,571.6802668699416,646.888,51.874401,30.36,18.798570390000002,28.3886370771675,282.994,5.533,4.9329,2.76608,110.210931,5.6461440000000005,144.547,164.94400000000002,52.420866448000005,66.296,26.903000000000002,15.1,281.01976436102154,162.058,66.272,261.78335721700006,163.6823,338.8753286570099,85.24038737480065,3981.444014738021,24.6876,34.232,91.6451167,1067.5432990000002,21.5,57.28,43.998900000000006,1340.8869157,280.238,75.32353499999999,64.3307,68.29310000000001,32.75802,41.499300000000005,350.64064,127.38302282737672,93.93895,1134.4052678273767,68.798,181.83642717497554,30.3209786833581,250.39000000000001,98.19338802187839,33.774069484375,64.35267988499999,57.30552784210526,5.0172839053769716,789.9883549970692,253.98442211296398,62.0181250396,5814.573,37.98561111111111,1322.097471706519,233.98198,1030.1143104329549,150.123,44.6896650959294,110.52783307439621,82.413213,50.32025702869356,547.8018026731601,13.2255,258.141909482,177.83192826699997,157.949,93.5778692999566,10441.356898324284,24308.61500944603,11018.012817790617,13290.602191655413,2897.9036200992123
2016,668.1542397115468,319.44083358888605,4348.877284036975,5336.472357337407,147.19282085720954,578.8983088667026,77.74804821803589,74.44603435493727,27.313862000571,51.7,10.011582,116.16088,53.34634169668453,78.63466113387894,91.26021864601063,1306.7127577740303,68.51315707715189,85.6097000000003,45.279,12.819812,4.88801,83.30545108800001,30.535544444444444,12.17,68.757,556.2349361939625,650.589,54.437934999999996,31.902,18.548768464000005,30.512900000000002,289.76820000000004,6.425,4.2657,2.19758,115.15749000000001,5.629506,149.086,166.63400000000001,60.278,65.103,27.064,16.5,274.63007297833207,156.131,61.870000000000005,274.40770000000003,164.5729,339.164262,88.9827611696438,4021.970386415536,24.952900000000003,33.572,94.642384,1090.9702240000001,22.6,59.1,43.4841,1369.321608,286.14300000000003,86.31705099999999,67.3643,70.133814,34.2277,42.307,357.65966000000003,129.61298617812653,93.01150000000001,1166.7770111781265,70.997,188.19109872922775,30.716,253.07500000000002,97.08065491453922,34.326276484375,69.124971503,51.36878739509733,4.67841860901107,799.5582076352507,258.21868620308385,70.19337783701701,6133.16,38.224444444444444,1401.7417647481323,247.91780000000003,1035.0930635672928,156.665,44.16318325432482,115.64137771199722,90.797891,51.5866,560.984590091265,14.36132,264.107668618,179.82851922599994,175.745,112.33058006405328,10950.760866765611,24951.57319510596,11100.065356338424,13851.507838767538,2920.565572781892
2017,669.6085119774999,329.0853547077128,4303.798903898064,5302.492770583277,145.618454,589.3273274006099,78.60557877760033,74.97684938878174,28.032,52.742576,9.933009,110.34358,53.73903337359387,74.49132518984564,87.89895274270657,1305.7086858731382,71.3244147675548,86.6188000000003,45.612791,11.9835,5.00437,87.04102844999997,31.02254722222222,13.16,67.523,554.03475748674,653.738,55.266089,32.915,19.238533145,30.876098000000002,295.83,7.531189,4.1872,2.235141,117.19172,5.6002160000000005,149.616,170.465,59.433,64.296,27.738,16.326225,275.63169507000003,164.25,61.829001999999996,297.27750000000003,156.0323,338.19732600000003,82.92902110245066,4061.9554642439675,24.3209,34.522,103.1279558,1091.184,22.8,60.82,46.27160000000001,1383.0464557999996,305.164,93.573771,67.7115,72.84121400000001,36.126,45.555,394.99196,134.56869058801547,95.709631,1246.241766588016,76.017,193.2111642228739,31.630897,255.43200000000002,103.03346381715525,35.5657491595,71.74568634299999,53.96566084210526,5.658612803982013,826.2602341886164,258.96705940590533,73.61596902100003,6604.447,36.98891622222222,1471.3423259552312,254.65998000000005,1042.076319601991,160.63400000000001,44.64094732336897,127.08289987835482,94.370341,52.225300000000004,576.412126699943,14.9837,270.256421275,176.7381069660001,191.59300000000002,122.69539241264194,11573.729805761659,25699.43518303865,11147.689267673006,14551.74591536567,2952.8873439965173
2018,661.5159423295777,349.298889168328,4464.500817235857,5475.315648733763,146.773875484766,601.3964876564366,82.29984532493667,78.2651745619921,29.244,54.9823,9.225890000000001,92.26341999999998,56.497461739244834,76.21307421021861,87.89165617235292,1315.053185149948,68.61804859494885,75.03970000000027,46.837683,13.6317,5.0488800000000005,88.00198897599999,30.370174,12.364,70.263,574.04434084254,643.451,53.26278500000001,32.067,19.828868,31.139108,289.70840000000004,6.724875,3.5111,2.199688,114.26421300000001,5.60717,147.082,170.03900000000002,59.640010000000004,64.785911,26.971,16.326935,274.452,163.38400000000001,67.619748,304.80190000000005,159.8528,332.724,92.45596127741175,4066.118987690901,25.229200000000002,38.927,107.26880779999999,1109.1977900000002,24.2,62.8966,48.6376,1416.3569978,312.35,100.240469,69.2799,74.15817400000002,37.714,47.913000000000004,374.78261000000003,136.01427821046096,102.832345,1255.284776210461,76.663,199.39878038449007,34.441907,256.336,108.1334720390961,39.6048527109375,74.25494715599999,55.27652484210526,5.045995,849.1554791326289,262.63246930797783,79.66273223000002,7166.133,36.53371244444444,1579.1912197633326,283.77097000000003,1053.189940272383,170.578,44.692462882970474,137.48860494223334,99.76471786225405,52.9046,592.90462860374,16.2166,275.54520877799996,177.758562701,209.181,130.33864962444252,12368.487079412778,26745.77215413049,11347.9775529146,15397.794601215874,2938.109020413489
2019,656.0228780706899,344.57972249788605,4414.082648773644,5414.68524934222,139.52992245267882,633.3176363914718,83.6185178354616,80.39115705823686,32.284,57.0385,9.188951999999999,78.11643750000003,59.143706574731056,79.87428133945416,80.0277003702268,1332.5308115222615,74.23430241180002,93.64580000000032,44.276591,12.760299999999999,5.141491,86.990503672,29.516955000000003,7.615,68.65,562.9310209045601,609.297,48.625991000000006,34.291000000000004,19.48883512,30.96179,293.8532,6.438385,3.9716,1.908422,121.355389,5.8697680000000005,134.89000000000001,163.98850099999999,53.155,59.512508000000004,28.434,16.099564,267.50080554,168.423,71.91724099999999,303.8976,154.141,323.8624,87.55718535674956,3995.2021490051093,26.0729,40.451,106.483161,1118.14323,22.5,63.0805,49.1698,1425.9005909999998,318.885,106.01026900000001,72.37710000000001,75.13318000000001,38.834,49.873,378.53632240919995,138.45405785644084,106.79791322274326,1284.9008424883841,81.527,200.56296643857934,40.148075,252.578,108.84106408574007,42.0141709,80.30923381302411,56.806696842105254,4.483491,867.2706980794484,265.90061136053265,84.59023940200002,7503.428,36.886604999999996,1622.0998125095725,295.44928000000004,1025.7750297585455,178.493,45.14155392800593,137.11090228705658,106.041488,54.1423,586.806003805959,16.8413,274.19247393300003,186.503021613,227.42269,132.18525258887595,12779.00956418655,27099.499905623976,11212.09861016345,15887.40129546052,2895.63794852836
2020,653.352009067243,325.7267072050259,4287.613828814803,5266.692545087072,144.6427873384152,628.7637168445165,83.71428528443153,79.3542233213873,31.247989999999998,52.803000000000004,9.225852000000001,81.61480029277377,56.8397090581633,78.9763786185588,74.24004259236314,1321.4227853506095,72.5563125052,89.45540000000037,40.754441,13.385299999999999,4.849201,81.445456743,28.728658,5.9565,69.267,524.2658087650511,574.559,48.251884,34.93,19.12730167900001,32.275639,280.531,5.724845999999999,5.5175,2.234264,123.28694300000001,5.346470999999999,155.25,157.14037299999998,53.079,55.811935999999996,28.838,17.190698,263.3729547542341,163.817,70.18485700000001,306.7031,147.8014,312.2607,86.72034497371928,3880.6192904202053,25.8391,38.685,108.6284069,1085.41873,25.7625,66.13,49.4909778,1399.9547147000003,337.219,105.54341068949402,72.7603,74.81935035616439,38.322,49.259,380.89397670899,137.31036462050002,101.76217403327499,1297.8895764084236,79.15530000000001,198.61019257087,38.47200978475,239.459,110.63711247454536,43.69024268989218,86.17423723356065,51.156050269137495,4.919751,852.2738960227558,265.23217782067536,84.67900913281794,7779.060000000001,35.228590777777775,1581.9472452233,291.82997,996.9576074573114,169.80629401678675,44.529672321265124,134.83023741970288,101.75572,53.07158519867644,577.1119011619401,16.7113,279.999549331,176.4838498549999,235.41037,142.99780381078068,12967.642883527034,26986.49569151612,10923.9182191948,16062.577472321296,2779.3681917674853
2021,646.7810263499649,330.01666693068,4400.900615259557,5377.698308540202,153.15191769,656.1091479762607,87.37844249757184,86.01253,32.20688,57.5112062644749,9.620927258518325,83.87249137432912,61.24701822670879,80.24618122978913,71.57375562057051,1378.9304981382227,70.75229482660002,100.46540000000034,47.568096,15.2104,5.119423,84.90727873899999,33.048783,7.359,72.122,547.5688097805723,589.261,54.715262,36.1203,19.614,31.872427000000002,289.0695,5.846221,5.078600000000001,2.2110760000000003,122.131906,5.528279,157.966,179.63113,50.981,59.333898000000005,30.016000000000002,15.876922,274.312,171.779,64.632572,334.7231,155.46619936542785,308.65909999999997,94.66527725573584,4043.6122549673355,27.8878,41.16084000000001,115.07921110000001,1157.08583,28.400000000000002,71.1037,50.1493441,1490.8667252000002,345.32382382216764,110.83748071007146,73.7963,80.781,41.015,51.659926076360684,392.94357328650057,149.02392574897834,97.05505560226248,1342.436085246341,85.39,209.65550048875855,41.024721042029995,244.322,117.12045732370343,44.34616114847781,91.29871405609958,59.17322768948768,4.590802163934427,896.9215839124914,267.45225722181954,92.94920339200614,8534.25,37.118354918003575,1714.7625414909699,309.35162,1019.7212487776362,174.6652495662018,44.60992867248958,147.62317041830443,109.201767,55.78828579334227,601.9383540000001,17.466538327559938,290.964049836,176.36048042399992,244.864,150.62039559316378,13989.707445431497,28520.172901436086,11231.95445484405,17288.21844659203,2904.572782346173
2022,659.6443349191334,340.6903699242966,4547.656238287115,5547.990943130545,150.8293860219794,677.1730373625339,89.27328880327705,89.4685839371455,33.008300000000006,59.73450985258343,10.165218161943006,82.8240686511688,63.13854285074628,80.12924623834742,74.6665629392325,1410.4107448189568,68.5187125351594,95.18481591136526,50.33541142556635,14.315554373821534,5.2921890000000005,84.52746736800002,34.28969070022293,8.414127280645966,72.96677018937267,467.6817967485162,577.3000000000001,50.813200682403036,35.399066999999995,20.108474104951945,34.461467322577576,287.26508283982184,4.983643844937499,4.724712634447451,2.2223628603231926,122.036,5.827761000000001,146.76627701303673,179.117,48.68385233087174,53.98482538802749,27.403884830894526,13.451069229141718,293.6765069181576,172.6830969169863,64.3901932702161,326.2433262027085,112.7129945399352,325.992,89.08244813403867,3900.855782596148,29.0326,39.641258426966296,113.97242146689148,1166.93525,31.524000000000004,70.99539999999999,49.473916695946166,1501.574846589804,348.1352632327344,117.23659807957323,76.4767595216501,82.95693859199727,41.385760338878164,50.03730020308693,401.5883318988036,154.7405453828804,92.55605788666391,1365.1135551362681,91.64279263607123,200.8441492342783,41.155944037375484,234.785,123.0738820735316,45.40597580525451,91.70339439114518,58.68221201719207,5.440808397139313,892.7341585919876,273.55884600908786,97.46336022854689,8848.710000000001,36.233457423026074,1857.99205215254,333.39273,1033.559961919041,182.88972192413843,44.68167632277244,145.77365443825695,114.42605890772218,57.1137,620.29592551087,16.923082734559447,288.147621255,180.35184898211998,259.9750505195542,154.9610556754055,14546.44980400264,29165.12983486635,11357.259574611071,17807.87026025528,2811.9970271685743
